Date,Apache::LogFormat,Backtrace::AsHTML,Base64,CSS::Grammar,Compress::Zlib,Compress::Zlib::Raw,Cookie::Baker,DBIish,DateTime::Format,DateTime::Parse,Digest,Digest::HMAC,Digest::MD5,Encode,File::Directory::Tree,File::Find,File::Temp,File::Which,Find::Bundled,Getopt::Tiny,HTML::Template,HTTP::Easy,HTTP::MultiPartParser,HTTP::Parser,HTTP::Server,HTTP::Server::Tiny,HTTP::Status,HTTP::Tinyish,HTTP::UserAgent,Hash::MultiValue,IO::Blob,IO::Capture::Simple,IO::Socket::SSL,JSON::Class,JSON::Fast,JSON::Marshal,JSON::Name,JSON::RPC,JSON::Tiny,JSON::Unmarshal,LWP::Simple,LibraryMake,Linenoise,MIME::Base64,MIME::Types,Native::Resources,NativeHelpers::Array,NativeHelpers::Blob,Netstring,OpenSSL,PSGI,Pod::Coverage,SCGI,SVG,SVG::Plot,Shell::Command,String::CRC32,Template6,Template::Mojo,Template::Mustache,Terminal::ANSIColor,URI,URI::Encode,UUID,XML,XML::Writer
2015-11-16,3.401361,3.401361,3.401361,NaN,4.081633,4.761905,3.401361,4.081633,8.843537,6.802721,10.204082,NaN,3.401361,7.482993,16.326531,9.523810,15.646259,NaN,12.925170,3.401361,NaN,10.204082,3.401361,4.081633,3.401361,3.401361,19.047619,NaN,6.122449,3.401361,5.442177,9.523810,3.401361,NaN,NaN,2.721088,4.081633,NaN,25.170068,2.721088,8.843537,7.482993,NaN,22.448980,NaN,NaN,NaN,NaN,2.721088,5.442177,13.605442,8.163265,NaN,2.721088,NaN,4.761905,NaN,2.721088,4.081633,2.721088,5.442177,19.727891,7.482993,2.721088,13.605442,3.401361
2015-11-16,3.401361,3.401361,3.401361,NaN,4.081633,4.761905,3.401361,4.081633,8.843537,6.802721,10.204082,NaN,3.401361,7.482993,16.326531,9.523810,15.646259,NaN,12.925170,3.401361,NaN,10.204082,3.401361,4.081633,3.401361,3.401361,19.047619,NaN,6.122449,3.401361,5.442177,9.523810,3.401361,NaN,NaN,2.721088,4.081633,NaN,25.170068,2.721088,8.843537,7.482993,NaN,22.448980,NaN,NaN,NaN,NaN,2.721088,5.442177,13.605442,8.163265,NaN,2.721088,NaN,4.761905,NaN,2.721088,4.081633,2.721088,5.442177,19.727891,7.482993,2.721088,13.605442,3.401361
2015-11-20,3.401361,3.401361,3.401361,NaN,4.081633,4.761905,3.401361,4.081633,8.843537,6.802721,10.204082,NaN,3.401361,7.482993,16.326531,10.204082,15.646259,NaN,12.925170,3.401361,NaN,10.204082,3.401361,4.081633,3.401361,3.401361,19.047619,NaN,6.122449,3.401361,5.442177,9.523810,3.401361,NaN,NaN,2.721088,4.081633,NaN,34.013605,2.721088,8.843537,8.163265,NaN,22.448980,NaN,NaN,NaN,NaN,2.721088,5.442177,13.605442,8.843537,NaN,2.721088,NaN,4.761905,NaN,2.721088,4.081633,2.721088,5.442177,19.727891,8.163265,2.721088,13.605442,3.401361
2015-11-20,3.401361,3.401361,3.401361,NaN,4.081633,4.761905,3.401361,4.081633,8.843537,6.802721,10.204082,NaN,3.401361,7.482993,16.326531,10.204082,15.646259,NaN,12.925170,3.401361,NaN,10.204082,3.401361,4.081633,3.401361,3.401361,19.047619,NaN,6.122449,3.401361,5.442177,9.523810,3.401361,NaN,NaN,2.721088,4.081633,NaN,34.013605,2.721088,8.843537,8.163265,NaN,22.448980,NaN,NaN,NaN,NaN,2.721088,5.442177,13.605442,8.843537,NaN,2.721088,NaN,4.761905,NaN,2.721088,4.081633,2.721088,5.442177,19.727891,8.163265,2.721088,13.605442,3.401361
2015-11-20,3.401361,3.401361,3.401361,NaN,4.081633,4.761905,3.401361,4.081633,8.843537,6.802721,10.204082,NaN,3.401361,7.482993,16.326531,10.204082,15.646259,NaN,12.925170,3.401361,NaN,10.204082,3.401361,4.081633,3.401361,3.401361,19.047619,NaN,6.122449,3.401361,5.442177,9.523810,3.401361,NaN,NaN,2.721088,4.081633,NaN,34.013605,2.721088,8.843537,8.163265,NaN,22.448980,NaN,NaN,NaN,NaN,2.721088,5.442177,13.605442,8.843537,NaN,2.721088,NaN,4.761905,NaN,2.721088,4.081633,2.721088,5.442177,19.727891,8.163265,2.721088,13.605442,3.401361
2015-11-20,3.401361,3.401361,3.401361,NaN,4.081633,4.761905,3.401361,4.081633,8.843537,6.802721,10.204082,NaN,3.401361,7.482993,16.326531,10.204082,15.646259,NaN,12.925170,3.401361,NaN,10.204082,3.401361,4.081633,3.401361,3.401361,19.047619,NaN,6.122449,3.401361,5.442177,9.523810,3.401361,NaN,NaN,2.721088,4.081633,NaN,34.013605,2.721088,8.843537,8.163265,NaN,22.448980,NaN,NaN,NaN,NaN,2.721088,5.442177,13.605442,8.843537,NaN,2.721088,NaN,4.761905,NaN,2.721088,4.081633,2.721088,5.442177,19.727891,8.163265,2.721088,13.605442,3.401361
2015-11-20,3.401361,3.401361,3.401361,NaN,4.081633,4.761905,3.401361,4.081633,8.843537,6.802721,10.204082,NaN,3.401361,7.482993,16.326531,10.204082,15.646259,NaN,12.925170,3.401361,NaN,10.204082,3.401361,4.081633,3.401361,3.401361,19.047619,NaN,6.122449,3.401361,5.442177,9.523810,3.401361,NaN,NaN,2.721088,4.081633,NaN,34.013605,2.721088,8.843537,8.163265,NaN,22.448980,NaN,NaN,NaN,NaN,2.721088,5.442177,13.605442,8.843537,NaN,2.721088,NaN,4.761905,NaN,2.721088,4.081633,2.721088,5.442177,19.727891,8.163265,2.721088,13.605442,3.401361
2015-11-20,3.401361,3.401361,3.401361,NaN,4.081633,4.761905,3.401361,4.081633,8.843537,6.802721,10.204082,NaN,3.401361,7.482993,16.326531,10.204082,15.646259,NaN,12.925170,3.401361,NaN,10.204082,3.401361,4.081633,3.401361,3.401361,19.047619,NaN,6.122449,3.401361,5.442177,9.523810,3.401361,NaN,NaN,2.721088,4.081633,NaN,34.013605,2.721088,8.843537,8.163265,NaN,22.448980,NaN,NaN,NaN,NaN,2.721088,5.442177,13.605442,8.843537,NaN,2.721088,NaN,4.761905,NaN,2.721088,4.081633,2.721088,5.442177,19.727891,8.163265,2.721088,13.605442,3.401361
2015-11-20,3.401361,3.401361,3.401361,NaN,4.081633,4.761905,3.401361,4.081633,8.843537,6.802721,10.204082,NaN,3.401361,7.482993,16.326531,10.204082,15.646259,NaN,12.925170,3.401361,NaN,10.204082,3.401361,4.081633,3.401361,3.401361,19.047619,NaN,6.122449,3.401361,5.442177,9.523810,3.401361,NaN,NaN,2.721088,4.081633,NaN,34.013605,2.721088,8.843537,8.163265,NaN,22.448980,NaN,NaN,NaN,NaN,2.721088,5.442177,13.605442,8.843537,NaN,2.721088,NaN,4.761905,NaN,2.721088,4.081633,2.721088,5.442177,19.727891,8.163265,2.721088,13.605442,3.401361
2015-11-20,3.401361,3.401361,3.401361,NaN,4.081633,4.761905,3.401361,4.081633,8.843537,6.802721,10.204082,NaN,3.401361,7.482993,16.326531,10.204082,15.646259,NaN,12.925170,3.401361,NaN,10.204082,3.401361,4.081633,3.401361,3.401361,19.047619,NaN,6.122449,3.401361,5.442177,9.523810,3.401361,NaN,NaN,2.721088,4.081633,NaN,34.013605,2.721088,8.843537,8.163265,NaN,22.448980,NaN,NaN,NaN,NaN,2.721088,5.442177,13.605442,8.843537,NaN,2.721088,NaN,4.761905,NaN,2.721088,4.081633,2.721088,5.442177,19.727891,8.163265,2.721088,13.605442,3.401361
2015-11-20,3.401361,3.401361,3.401361,NaN,4.081633,4.761905,3.401361,4.081633,8.843537,6.802721,10.204082,NaN,3.401361,7.482993,16.326531,10.204082,15.646259,NaN,12.925170,3.401361,NaN,10.204082,3.401361,4.081633,3.401361,3.401361,19.047619,NaN,6.122449,3.401361,5.442177,9.523810,3.401361,NaN,NaN,2.721088,4.081633,NaN,34.013605,2.721088,8.843537,8.163265,NaN,22.448980,NaN,NaN,NaN,NaN,2.721088,5.442177,13.605442,8.843537,NaN,2.721088,NaN,4.761905,NaN,2.721088,4.081633,2.721088,5.442177,19.727891,8.163265,2.721088,13.605442,3.401361
2015-11-20,3.401361,3.401361,3.401361,NaN,4.081633,4.761905,3.401361,4.081633,8.843537,6.802721,10.204082,NaN,3.401361,7.482993,16.326531,10.204082,15.646259,NaN,12.925170,3.401361,NaN,10.204082,3.401361,4.081633,3.401361,3.401361,19.047619,NaN,6.122449,3.401361,5.442177,9.523810,3.401361,NaN,NaN,2.721088,4.081633,NaN,34.013605,2.721088,8.843537,8.163265,NaN,22.448980,NaN,NaN,NaN,NaN,2.721088,5.442177,13.605442,8.843537,NaN,2.721088,NaN,4.761905,NaN,2.721088,4.081633,2.721088,5.442177,19.727891,8.163265,2.721088,13.605442,3.401361
2015-11-22,3.355705,3.355705,3.355705,NaN,4.697987,5.369128,3.355705,4.026846,8.724832,6.711409,10.067114,NaN,4.026846,7.382550,16.107383,10.067114,15.436242,NaN,13.422819,3.355705,NaN,10.067114,3.355705,4.026846,3.355705,3.355705,18.791946,NaN,6.040268,3.355705,5.369128,9.395973,3.355705,NaN,3.355705,NaN,4.026846,NaN,33.557047,2.684564,8.724832,8.053691,NaN,22.147651,NaN,NaN,NaN,NaN,2.684564,5.369128,13.422819,8.724832,NaN,2.684564,NaN,4.697987,NaN,2.684564,4.026846,2.684564,5.369128,19.463087,8.053691,2.684564,13.422819,3.355705
2015-11-22,3.355705,3.355705,3.355705,NaN,4.697987,5.369128,3.355705,4.026846,8.724832,6.711409,10.067114,NaN,4.026846,7.382550,16.107383,10.067114,15.436242,NaN,13.422819,3.355705,NaN,10.067114,3.355705,4.026846,3.355705,3.355705,18.791946,NaN,6.040268,3.355705,5.369128,9.395973,3.355705,NaN,3.355705,NaN,4.026846,NaN,33.557047,2.684564,8.724832,8.053691,NaN,22.147651,NaN,NaN,NaN,NaN,2.684564,5.369128,13.422819,8.724832,NaN,2.684564,NaN,4.697987,NaN,2.684564,4.026846,2.684564,5.369128,19.463087,8.053691,2.684564,13.422819,3.355705
2015-11-26,3.355705,3.355705,3.355705,NaN,4.697987,5.369128,3.355705,4.026846,9.395973,7.382550,10.738255,NaN,4.026846,8.053691,16.778523,10.067114,16.107383,NaN,13.422819,3.355705,NaN,10.067114,3.355705,4.026846,3.355705,3.355705,19.463087,NaN,6.711409,3.355705,5.369128,10.067114,3.355705,NaN,3.355705,NaN,4.026846,NaN,33.557047,2.684564,8.724832,8.053691,NaN,22.818792,NaN,NaN,NaN,NaN,2.684564,5.369128,13.422819,8.724832,NaN,2.684564,NaN,4.697987,NaN,2.684564,4.026846,2.684564,5.369128,20.134228,8.053691,2.684564,13.422819,3.355705
2015-12-09,3.289474,3.289474,3.289474,NaN,4.605263,5.263158,3.289474,3.947368,9.210526,8.552632,11.184211,NaN,3.947368,9.210526,19.078947,9.868421,18.421053,NaN,13.815789,3.289474,NaN,9.868421,3.289474,3.947368,3.289474,3.289474,20.394737,3.289474,7.894737,3.289474,5.263158,11.184211,3.947368,3.289474,7.236842,3.947368,5.263158,NaN,23.026316,3.947368,9.210526,8.552632,NaN,23.684211,NaN,NaN,NaN,NaN,NaN,5.921053,13.157895,NaN,NaN,NaN,NaN,4.605263,NaN,2.631579,3.947368,2.631579,5.263158,21.052632,7.236842,2.631579,13.157895,3.289474
2015-12-12,3.311258,3.311258,3.311258,NaN,4.635762,5.298013,3.311258,3.973510,9.271523,8.609272,11.258278,NaN,3.973510,9.271523,19.205298,9.933775,18.543046,NaN,13.245033,3.311258,NaN,9.933775,3.311258,3.973510,3.311258,3.311258,20.529801,3.311258,7.947020,3.311258,5.298013,NaN,3.973510,3.311258,7.284768,3.973510,5.298013,NaN,22.516556,3.973510,9.271523,8.609272,NaN,23.841060,NaN,NaN,NaN,NaN,NaN,5.960265,13.245033,NaN,NaN,2.649007,NaN,4.635762,NaN,2.649007,3.973510,2.649007,5.960265,21.192053,7.284768,2.649007,13.245033,3.311258
2015-12-18,NaN,NaN,NaN,2.919708,5.109489,5.839416,NaN,4.379562,8.759124,8.759124,10.948905,NaN,4.379562,9.489051,20.437956,10.948905,19.708029,NaN,13.868613,NaN,2.189781,8.029197,2.189781,2.919708,NaN,2.189781,20.437956,3.649635,8.029197,2.189781,4.379562,2.919708,3.649635,NaN,8.029197,NaN,3.649635,2.189781,22.627737,NaN,10.218978,9.489051,2.919708,25.547445,2.189781,NaN,NaN,NaN,2.919708,5.839416,11.678832,NaN,2.189781,2.919708,2.189781,5.109489,2.189781,2.919708,2.919708,NaN,5.109489,21.897810,6.569343,2.919708,14.598540,3.649635
2015-12-29,3.311258,3.311258,3.311258,NaN,4.635762,5.298013,3.311258,3.973510,9.271523,9.271523,11.258278,NaN,3.973510,9.933775,21.192053,9.271523,20.529801,NaN,13.245033,3.311258,NaN,9.933775,3.311258,3.973510,3.311258,3.311258,21.192053,3.311258,8.609272,3.311258,5.298013,NaN,3.973510,3.311258,7.947020,3.973510,5.960265,NaN,23.841060,4.635762,9.271523,8.609272,NaN,24.503311,NaN,NaN,NaN,NaN,NaN,5.960265,13.245033,NaN,NaN,2.649007,NaN,3.973510,NaN,2.649007,3.973510,2.649007,5.960265,21.854305,7.284768,2.649007,13.245033,3.311258
2015-12-31,3.311258,3.311258,3.311258,NaN,4.635762,5.298013,3.311258,3.973510,9.271523,9.271523,11.258278,NaN,3.973510,9.933775,21.192053,9.271523,20.529801,NaN,13.245033,3.311258,NaN,9.933775,3.311258,3.973510,3.311258,3.311258,21.192053,3.311258,8.609272,3.311258,5.298013,NaN,3.973510,3.311258,7.947020,3.973510,5.960265,NaN,23.841060,4.635762,9.271523,9.271523,NaN,24.503311,NaN,NaN,NaN,NaN,NaN,5.960265,13.245033,NaN,NaN,2.649007,NaN,3.973510,NaN,2.649007,3.973510,2.649007,6.622517,21.854305,7.284768,2.649007,13.245033,3.311258
2016-01-07,3.164557,3.164557,3.164557,NaN,4.430380,5.063291,3.164557,4.430380,8.860759,8.860759,10.759494,NaN,3.797468,9.493671,22.151899,8.860759,21.518987,NaN,12.658228,3.164557,NaN,9.493671,3.164557,3.797468,3.164557,3.164557,20.253165,4.430380,8.227848,3.164557,5.063291,NaN,3.797468,3.164557,7.594937,3.797468,5.696203,NaN,22.784810,4.430380,8.860759,8.860759,NaN,23.417722,NaN,NaN,NaN,NaN,NaN,5.696203,12.658228,NaN,NaN,NaN,NaN,3.797468,2.531646,2.531646,3.797468,2.531646,6.329114,20.886076,6.962025,2.531646,13.291139,3.164557
2016-01-17,3.086420,3.086420,3.086420,NaN,4.938272,5.555556,3.086420,4.320988,8.641975,8.641975,10.493827,NaN,3.703704,9.259259,22.222222,8.641975,21.604938,NaN,12.345679,3.086420,NaN,9.259259,3.086420,3.703704,3.086420,3.086420,19.753086,4.938272,8.024691,3.086420,5.555556,NaN,3.703704,3.703704,7.407407,4.320988,6.172840,NaN,22.222222,4.938272,8.641975,9.876543,NaN,22.839506,NaN,3.086420,NaN,NaN,NaN,5.555556,12.345679,NaN,NaN,NaN,NaN,3.703704,NaN,2.469136,3.703704,2.469136,6.172840,20.370370,6.790123,2.469136,14.814815,3.086420
2016-01-19,3.086420,3.086420,3.086420,NaN,4.938272,5.555556,3.086420,4.320988,8.641975,8.641975,11.111111,NaN,3.703704,9.259259,22.222222,8.641975,21.604938,NaN,12.345679,3.086420,NaN,9.259259,3.086420,3.703704,3.086420,3.086420,19.753086,4.938272,8.024691,3.086420,5.555556,NaN,3.703704,3.703704,7.407407,4.320988,6.172840,NaN,22.222222,4.938272,8.641975,9.259259,NaN,22.839506,NaN,3.086420,NaN,NaN,NaN,5.555556,12.345679,NaN,NaN,NaN,NaN,3.703704,NaN,2.469136,3.703704,2.469136,6.172840,20.987654,6.790123,2.469136,14.814815,3.086420
2016-01-25,3.030303,3.030303,3.030303,NaN,4.848485,5.454545,3.030303,4.242424,8.484848,8.484848,11.515152,NaN,3.636364,9.090909,21.818182,8.484848,21.212121,NaN,12.727273,3.030303,NaN,9.090909,3.030303,3.636364,3.030303,3.030303,19.393939,4.848485,7.878788,3.030303,5.454545,NaN,4.242424,3.636364,7.272727,4.242424,6.060606,NaN,22.424242,4.848485,9.090909,9.696970,NaN,23.030303,NaN,3.030303,NaN,NaN,NaN,6.060606,12.121212,NaN,NaN,NaN,NaN,3.636364,NaN,2.424242,3.636364,2.424242,6.060606,21.212121,6.666667,2.424242,14.545455,3.030303
2016-02-08,3.030303,3.030303,3.030303,NaN,4.848485,5.454545,3.030303,4.242424,8.484848,9.090909,12.121212,3.030303,3.636364,9.696970,21.818182,9.090909,21.212121,NaN,12.727273,3.030303,NaN,9.090909,3.030303,3.636364,3.030303,3.030303,20,4.242424,8.484848,3.030303,5.454545,NaN,4.242424,3.636364,7.878788,4.848485,6.666667,NaN,23.030303,4.848485,9.090909,9.696970,NaN,23.636364,NaN,3.030303,NaN,NaN,NaN,6.060606,12.121212,NaN,NaN,NaN,NaN,3.636364,NaN,NaN,3.636364,2.424242,6.060606,21.818182,6.666667,2.424242,14.545455,3.030303
2016-02-14,3.012048,3.012048,3.012048,NaN,4.819277,5.421687,3.012048,4.216867,8.433735,9.036145,12.048193,3.012048,3.614458,9.638554,21.686747,9.036145,21.084337,NaN,12.650602,3.012048,NaN,9.036145,3.012048,3.614458,3.012048,3.012048,19.879518,4.216867,8.433735,3.012048,5.421687,NaN,4.216867,3.614458,7.831325,4.819277,6.626506,NaN,23.493976,4.819277,9.036145,10.843373,NaN,23.493976,NaN,3.012048,NaN,NaN,NaN,6.024096,12.048193,NaN,NaN,NaN,NaN,3.614458,NaN,NaN,3.614458,2.409639,6.024096,21.686747,6.626506,2.409639,14.457831,3.012048
2016-02-26,2.994012,2.994012,2.994012,NaN,4.790419,5.389222,2.994012,4.191617,8.383234,8.982036,11.976048,2.994012,3.592814,9.580838,21.556886,8.982036,20.958084,NaN,12.574850,2.994012,NaN,8.982036,2.994012,3.592814,2.994012,2.994012,19.760479,4.191617,8.383234,2.994012,5.389222,NaN,4.191617,4.191617,7.784431,5.389222,7.185629,NaN,23.952096,5.389222,8.982036,10.778443,NaN,23.353293,NaN,2.994012,NaN,NaN,NaN,5.988024,11.976048,NaN,NaN,NaN,NaN,3.592814,NaN,NaN,3.592814,2.395210,5.988024,21.556886,6.586826,2.395210,14.371257,2.994012
2016-03-04,2.994012,2.994012,2.994012,NaN,4.790419,5.389222,2.994012,4.191617,8.383234,8.982036,11.976048,2.994012,3.592814,9.580838,21.556886,8.982036,20.958084,NaN,12.574850,2.994012,NaN,8.982036,2.994012,3.592814,2.994012,2.994012,19.760479,4.191617,8.383234,2.994012,5.389222,NaN,4.191617,4.191617,7.185629,5.389222,7.185629,NaN,23.952096,5.389222,8.982036,10.778443,NaN,23.353293,NaN,2.994012,NaN,NaN,NaN,5.988024,11.976048,NaN,NaN,NaN,NaN,3.592814,NaN,NaN,3.592814,2.395210,5.389222,21.556886,6.586826,2.395210,14.970060,2.994012
2016-03-06,2.976190,2.976190,2.976190,NaN,4.761905,5.357143,2.976190,4.166667,8.333333,8.928571,11.904762,2.976190,3.571429,9.523810,21.428571,8.928571,20.833333,NaN,12.5,2.976190,NaN,8.928571,2.976190,3.571429,2.976190,2.976190,19.642857,4.166667,8.333333,2.976190,5.357143,NaN,4.166667,4.166667,7.142857,5.357143,7.142857,NaN,23.809524,5.357143,8.928571,11.309524,NaN,23.214286,NaN,2.976190,NaN,NaN,NaN,5.952381,11.904762,NaN,NaN,NaN,NaN,3.571429,NaN,NaN,3.571429,2.380952,5.357143,21.428571,6.547619,2.380952,14.880952,2.976190
2016-03-12,2.958580,2.958580,2.958580,NaN,4.733728,5.325444,2.958580,4.142012,8.284024,8.875740,11.834320,2.958580,3.550296,9.467456,21.301775,8.875740,20.710059,5.917160,12.426036,2.958580,NaN,8.875740,2.958580,3.550296,2.958580,2.958580,19.526627,4.142012,8.284024,2.958580,5.325444,NaN,4.142012,4.142012,7.100592,5.325444,7.100592,NaN,23.668639,5.325444,8.875740,11.242604,NaN,23.076923,NaN,2.958580,NaN,NaN,NaN,5.917160,11.834320,NaN,NaN,NaN,NaN,3.550296,NaN,NaN,3.550296,NaN,5.325444,21.301775,6.508876,2.366864,15.384615,2.958580
2016-03-18,2.906977,2.906977,2.906977,NaN,4.651163,5.232558,2.906977,4.069767,8.139535,8.720930,11.627907,2.906977,3.488372,9.302326,20.930233,8.720930,20.348837,6.395349,12.209302,2.906977,NaN,8.720930,2.906977,3.488372,2.906977,2.906977,19.186047,4.069767,8.139535,2.906977,5.232558,NaN,4.069767,4.069767,12.790698,5.232558,6.976744,NaN,22.674419,5.232558,8.720930,11.046512,NaN,22.674419,NaN,2.906977,2.906977,NaN,NaN,5.813953,11.627907,NaN,NaN,NaN,NaN,3.488372,NaN,NaN,3.488372,NaN,5.232558,20.930233,6.395349,NaN,15.116279,2.906977
2016-03-29,NaN,2.857143,2.857143,NaN,4.571429,5.142857,2.857143,4.571429,8,9.142857,11.428571,2.857143,3.428571,9.714286,21.142857,8.571429,20.571429,6.285714,12,2.857143,NaN,8.571429,2.857143,3.428571,2.857143,2.857143,19.428571,4,8.571429,2.857143,5.142857,NaN,4,4,12.571429,5.142857,6.857143,NaN,22.285714,5.142857,8.571429,10.857143,NaN,22.857143,NaN,2.857143,2.857143,5.714286,NaN,5.714286,11.428571,NaN,NaN,NaN,NaN,3.428571,NaN,NaN,3.428571,NaN,5.142857,21.142857,6.285714,NaN,15.428571,2.857143
2016-04-03,3.278689,3.278689,3.278689,NaN,4.371585,4.918033,3.278689,4.918033,9.289617,9.836066,11.475410,3.278689,3.825137,10.382514,21.311475,8.743169,20.765027,NaN,11.475410,3.278689,NaN,8.743169,3.278689,3.825137,NaN,3.278689,19.672131,3.825137,9.289617,3.278689,5.464481,NaN,3.825137,4.371585,14.207650,5.464481,7.650273,NaN,22.404372,6.010929,8.743169,10.928962,NaN,23.497268,NaN,3.278689,NaN,6.010929,NaN,5.464481,11.475410,NaN,NaN,2.732240,NaN,3.825137,NaN,2.732240,3.825137,NaN,5.464481,21.311475,6.557377,NaN,15.300546,3.278689
2016-04-13,3.723404,3.723404,4.255319,NaN,4.255319,4.787234,3.723404,4.787234,9.574468,10.638298,13.829787,5.319149,3.723404,11.170213,23.404255,9.574468,22.872340,7.978723,5.851064,3.723404,NaN,9.042553,3.723404,4.255319,NaN,3.723404,20.212766,5.319149,10.106383,3.723404,5.851064,NaN,3.723404,4.787234,15.957447,5.851064,7.978723,NaN,22.340426,6.382979,8.510638,10.638298,NaN,23.936170,NaN,3.191489,NaN,5.851064,NaN,5.319149,11.702128,NaN,NaN,NaN,NaN,4.787234,NaN,3.191489,3.723404,NaN,5.319149,22.340426,6.914894,NaN,15.425532,3.191489
2016-04-17,3.703704,3.703704,4.232804,NaN,4.232804,4.761905,3.703704,4.761905,9.523810,10.582011,13.756614,5.291005,3.703704,11.111111,23.280423,9.523810,22.751323,7.936508,5.820106,3.703704,NaN,8.994709,3.703704,4.232804,NaN,3.703704,20.105820,5.291005,10.052910,3.703704,5.820106,NaN,3.703704,4.761905,15.873016,5.820106,7.936508,NaN,22.222222,6.349206,8.465608,10.582011,NaN,23.809524,NaN,3.174603,NaN,5.820106,NaN,5.291005,11.640212,NaN,NaN,NaN,NaN,4.761905,NaN,3.174603,3.703704,NaN,5.291005,22.222222,6.878307,NaN,15.343915,3.174603
2016-04-19,3.703704,3.703704,4.232804,NaN,4.232804,4.761905,3.703704,4.761905,9.523810,10.582011,13.756614,5.291005,3.703704,11.111111,23.280423,9.523810,22.751323,7.936508,5.820106,3.703704,NaN,8.994709,3.703704,4.232804,NaN,3.703704,20.105820,5.291005,10.052910,3.703704,5.820106,NaN,3.703704,4.761905,15.873016,5.820106,7.936508,NaN,22.222222,6.349206,8.465608,10.582011,NaN,23.809524,NaN,3.174603,NaN,5.820106,NaN,5.291005,11.640212,NaN,NaN,NaN,NaN,4.761905,NaN,3.174603,3.703704,NaN,5.291005,22.222222,6.878307,NaN,15.343915,3.174603
2016-04-28,3.723404,3.723404,4.255319,NaN,4.255319,4.787234,3.723404,4.787234,9.574468,11.170213,13.829787,5.319149,3.723404,11.702128,24.468085,10.638298,23.936170,9.574468,5.851064,3.723404,NaN,9.042553,3.723404,4.255319,NaN,3.723404,19.148936,5.319149,10.638298,3.723404,5.851064,NaN,3.723404,4.787234,18.617021,5.851064,7.978723,NaN,15.957447,6.382979,8.510638,10.638298,NaN,24.468085,NaN,3.191489,NaN,5.851064,NaN,5.319149,10.106383,NaN,NaN,NaN,NaN,5.851064,NaN,3.191489,3.723404,NaN,5.319149,22.872340,6.914894,NaN,13.829787,3.191489
2016-04-29,3.723404,3.723404,4.255319,NaN,4.255319,4.787234,3.723404,4.787234,9.574468,11.170213,13.829787,5.319149,3.723404,11.702128,24.468085,10.638298,23.936170,9.574468,5.851064,3.723404,NaN,9.042553,3.723404,4.255319,NaN,3.723404,19.148936,5.319149,10.638298,3.723404,5.851064,NaN,3.723404,5.319149,19.148936,6.382979,8.510638,NaN,15.957447,6.914894,8.510638,10.638298,NaN,24.468085,NaN,3.191489,NaN,5.851064,NaN,5.319149,10.106383,NaN,NaN,NaN,NaN,5.851064,NaN,3.191489,3.723404,NaN,5.319149,22.872340,6.914894,NaN,13.829787,3.191489
2016-05-01,3.684211,3.684211,4.210526,NaN,4.210526,4.736842,3.684211,4.736842,9.473684,11.052632,15.263158,6.842105,3.684211,11.578947,24.210526,11.052632,23.684211,9.473684,5.789474,3.684211,NaN,10.526316,3.684211,4.210526,NaN,3.684211,20.526316,5.263158,10.526316,3.684211,5.789474,NaN,3.684211,5.263158,18.947368,6.315789,8.421053,NaN,15.789474,6.842105,8.421053,10.526316,NaN,24.210526,NaN,NaN,NaN,5.789474,NaN,5.263158,11.578947,NaN,NaN,NaN,NaN,5.789474,NaN,3.157895,5.263158,3.684211,5.263158,24.210526,6.842105,NaN,13.684211,3.157895
2016-05-02,3.684211,3.684211,4.210526,NaN,4.210526,4.736842,3.684211,4.736842,9.473684,11.052632,15.263158,6.842105,3.684211,11.578947,24.210526,11.052632,23.684211,9.473684,5.789474,3.684211,NaN,10.526316,3.684211,4.210526,NaN,3.684211,20.526316,5.263158,10.526316,3.684211,5.789474,NaN,3.684211,5.263158,18.947368,6.315789,8.421053,NaN,15.789474,6.842105,8.421053,10.526316,NaN,24.210526,NaN,NaN,NaN,5.789474,NaN,5.263158,11.578947,NaN,NaN,NaN,NaN,5.789474,NaN,3.157895,5.263158,3.684211,5.263158,24.210526,6.842105,NaN,13.684211,3.157895
2016-05-03,3.365385,3.365385,3.846154,NaN,3.846154,4.326923,3.365385,4.326923,8.653846,10.576923,13.942308,6.25,3.365385,11.057692,22.596154,10.096154,22.115385,9.134615,5.288462,3.365385,NaN,9.615385,3.365385,3.846154,NaN,3.365385,21.153846,4.807692,10.096154,3.365385,5.288462,NaN,3.365385,5.288462,17.788462,6.25,8.173077,NaN,14.423077,6.730769,7.692308,9.615385,NaN,22.596154,NaN,NaN,NaN,5.288462,NaN,4.807692,12.5,NaN,NaN,NaN,NaN,5.288462,NaN,2.884615,4.807692,3.365385,4.807692,22.596154,6.25,NaN,12.980769,2.884615
2016-05-04,3.365385,3.365385,3.846154,NaN,3.846154,4.326923,3.365385,4.326923,8.653846,10.576923,13.942308,6.25,3.365385,11.057692,22.596154,10.096154,22.115385,9.134615,5.288462,3.365385,NaN,9.615385,3.365385,3.846154,NaN,3.365385,21.153846,4.807692,10.096154,3.365385,5.288462,NaN,3.365385,5.288462,17.788462,6.25,8.173077,NaN,14.423077,6.730769,7.692308,9.615385,NaN,22.596154,NaN,NaN,NaN,5.288462,NaN,4.807692,12.5,NaN,NaN,NaN,NaN,5.288462,NaN,2.884615,4.807692,3.365385,4.807692,22.596154,6.25,NaN,12.980769,2.884615
2016-05-05,3.365385,3.365385,3.846154,NaN,3.846154,4.326923,3.365385,4.326923,8.653846,10.576923,13.942308,6.25,3.365385,11.057692,22.596154,10.096154,22.115385,9.134615,5.288462,3.365385,NaN,9.615385,3.365385,3.846154,NaN,3.365385,21.153846,4.807692,10.096154,3.365385,5.288462,NaN,3.365385,5.288462,17.788462,6.25,8.173077,NaN,14.423077,6.730769,7.692308,9.615385,NaN,22.596154,NaN,NaN,3.365385,5.288462,NaN,4.807692,12.5,NaN,NaN,NaN,NaN,5.288462,NaN,NaN,4.807692,3.365385,4.807692,22.596154,6.25,NaN,12.980769,2.884615
2016-05-06,3.365385,3.365385,3.846154,NaN,3.846154,4.326923,3.365385,4.326923,8.653846,10.576923,13.942308,6.25,3.365385,11.057692,22.596154,10.096154,22.115385,9.134615,5.288462,3.365385,NaN,9.615385,3.365385,3.846154,NaN,3.365385,21.153846,4.807692,10.096154,3.365385,5.288462,NaN,3.365385,5.288462,17.788462,6.25,8.173077,NaN,14.423077,6.730769,7.692308,9.615385,NaN,22.596154,NaN,NaN,3.365385,5.288462,NaN,4.807692,12.5,NaN,NaN,NaN,NaN,5.288462,NaN,NaN,4.807692,3.365385,4.807692,22.596154,6.25,NaN,12.980769,2.884615
2016-05-07,3.365385,3.365385,3.846154,NaN,3.846154,4.326923,3.365385,4.326923,8.653846,11.057692,13.942308,6.25,3.365385,11.538462,23.076923,10.096154,22.596154,9.134615,5.288462,3.365385,NaN,9.615385,3.365385,3.846154,NaN,3.365385,21.634615,4.807692,10.576923,3.365385,5.288462,NaN,3.365385,5.288462,17.788462,6.25,8.173077,NaN,14.423077,6.730769,7.692308,9.615385,NaN,23.076923,NaN,NaN,3.365385,5.288462,NaN,4.807692,12.5,NaN,NaN,NaN,NaN,5.288462,NaN,NaN,4.807692,3.365385,4.807692,23.076923,6.25,NaN,13.461538,2.884615
2016-05-08,3.381643,3.381643,3.864734,NaN,3.864734,4.347826,3.381643,4.347826,8.695652,11.111111,14.009662,6.280193,3.381643,11.594203,22.705314,10.144928,22.222222,9.178744,NaN,3.381643,NaN,9.661836,3.381643,3.864734,NaN,3.381643,21.739130,4.347826,10.628019,3.381643,5.314010,NaN,3.381643,5.314010,17.874396,6.280193,8.212560,NaN,14.492754,6.763285,7.729469,10.144928,NaN,23.188406,NaN,NaN,3.381643,5.314010,NaN,4.830918,12.560386,NaN,NaN,NaN,NaN,5.314010,NaN,2.898551,4.830918,3.381643,4.830918,23.188406,6.280193,NaN,13.526570,2.898551
2016-05-09,3.381643,3.381643,3.864734,NaN,3.864734,4.347826,3.381643,4.347826,8.695652,11.111111,14.009662,6.280193,3.381643,11.594203,22.705314,10.144928,22.222222,9.178744,NaN,3.381643,NaN,9.661836,3.381643,3.864734,NaN,3.381643,21.739130,4.347826,10.628019,3.381643,5.314010,NaN,3.381643,5.314010,17.874396,6.280193,8.212560,NaN,14.492754,6.763285,7.729469,9.661836,NaN,23.188406,NaN,NaN,3.381643,5.314010,NaN,4.830918,12.560386,NaN,NaN,NaN,NaN,5.314010,NaN,2.898551,4.830918,3.381643,4.830918,23.188406,6.280193,NaN,13.526570,2.898551
2016-05-10,3.381643,3.381643,3.864734,NaN,3.864734,4.347826,3.381643,4.347826,8.695652,11.111111,14.009662,6.280193,3.381643,11.594203,22.705314,10.144928,22.222222,9.178744,NaN,3.381643,NaN,9.661836,3.381643,3.864734,NaN,3.381643,21.739130,4.347826,10.628019,3.381643,5.314010,NaN,3.381643,5.314010,17.874396,6.280193,8.212560,NaN,14.492754,6.763285,7.729469,9.661836,NaN,23.188406,NaN,NaN,3.381643,5.314010,NaN,4.830918,12.560386,NaN,NaN,NaN,NaN,5.314010,NaN,2.898551,4.830918,3.381643,4.830918,23.188406,6.280193,NaN,13.526570,2.898551
2016-05-11,3.365385,3.365385,3.846154,NaN,3.846154,4.326923,3.365385,4.326923,8.653846,12.019231,13.942308,6.25,3.365385,12.5,23.557692,10.096154,23.076923,9.134615,NaN,3.365385,NaN,9.615385,3.365385,3.846154,NaN,3.365385,22.596154,4.326923,11.538462,3.365385,5.288462,NaN,3.365385,5.288462,18.75,6.25,8.173077,NaN,14.423077,6.730769,7.692308,9.615385,NaN,24.038462,NaN,NaN,3.365385,5.288462,NaN,4.807692,12.5,NaN,NaN,NaN,NaN,5.288462,NaN,2.884615,4.807692,3.365385,4.807692,24.038462,6.25,NaN,13.461538,2.884615
2016-05-13,3.365385,3.365385,3.846154,NaN,3.846154,4.326923,3.365385,4.326923,8.653846,12.019231,13.942308,6.25,3.365385,12.5,23.557692,10.096154,23.076923,9.134615,NaN,3.365385,NaN,9.615385,5.769231,3.846154,NaN,3.365385,22.596154,4.326923,11.538462,3.365385,5.288462,NaN,3.365385,5.288462,18.75,6.25,8.173077,NaN,14.423077,6.730769,7.692308,9.615385,NaN,24.038462,NaN,NaN,3.365385,5.288462,NaN,4.807692,12.5,NaN,NaN,NaN,NaN,5.288462,NaN,2.884615,4.807692,3.365385,4.807692,24.038462,6.25,NaN,13.461538,2.884615
2016-05-14,3.365385,3.365385,3.846154,NaN,3.846154,4.326923,3.365385,4.326923,8.653846,12.019231,13.942308,6.25,3.365385,12.5,23.557692,10.096154,23.076923,9.134615,NaN,3.365385,NaN,9.615385,5.769231,3.846154,NaN,3.365385,22.596154,4.326923,11.538462,3.365385,5.288462,NaN,3.365385,5.288462,18.75,6.25,8.173077,NaN,14.903846,6.730769,7.692308,9.615385,NaN,24.038462,NaN,NaN,3.365385,5.288462,NaN,4.807692,12.5,NaN,NaN,NaN,NaN,5.288462,NaN,2.884615,4.807692,3.365385,4.807692,24.038462,6.25,NaN,13.461538,2.884615
2016-05-15,3.365385,3.365385,3.846154,NaN,3.846154,4.326923,3.365385,4.326923,8.653846,12.019231,13.942308,6.25,3.365385,12.5,23.557692,9.134615,23.076923,8.653846,NaN,3.365385,NaN,9.615385,5.769231,3.846154,NaN,3.365385,22.596154,4.326923,11.538462,3.365385,5.288462,NaN,3.365385,5.288462,19.711538,6.25,8.173077,NaN,14.903846,6.730769,7.692308,9.615385,NaN,24.038462,NaN,NaN,3.365385,5.288462,NaN,4.807692,12.5,NaN,NaN,NaN,NaN,4.326923,NaN,2.884615,4.807692,3.365385,4.807692,24.038462,6.25,NaN,13.461538,2.884615
2016-05-16,3.365385,3.365385,3.846154,NaN,3.846154,4.326923,3.365385,4.326923,8.653846,12.019231,13.942308,6.25,3.365385,12.5,23.557692,9.134615,23.076923,8.653846,NaN,3.365385,NaN,9.615385,5.769231,3.846154,NaN,3.365385,22.596154,4.326923,11.538462,3.365385,5.288462,NaN,3.365385,5.288462,19.711538,6.25,8.173077,NaN,14.903846,6.730769,7.692308,9.615385,NaN,24.038462,NaN,NaN,3.365385,5.288462,NaN,4.807692,12.5,NaN,NaN,NaN,NaN,4.326923,NaN,2.884615,4.807692,3.365385,4.807692,24.038462,6.25,NaN,13.461538,2.884615
2016-05-18,3.365385,3.365385,3.846154,NaN,3.846154,4.326923,3.365385,4.326923,8.653846,12.019231,13.942308,6.25,3.365385,12.5,23.557692,9.134615,23.076923,8.653846,NaN,3.365385,NaN,9.615385,5.769231,3.846154,NaN,3.365385,22.596154,4.326923,11.538462,3.365385,5.288462,NaN,3.365385,5.288462,19.711538,6.25,8.173077,NaN,14.903846,6.730769,7.692308,9.134615,NaN,24.038462,NaN,NaN,3.365385,5.288462,NaN,4.807692,12.5,NaN,NaN,NaN,NaN,4.326923,NaN,2.884615,4.807692,3.365385,4.807692,24.038462,6.25,NaN,13.461538,2.884615
2016-05-19,3.365385,3.365385,3.846154,NaN,3.846154,4.326923,3.365385,4.326923,8.653846,12.019231,13.942308,6.25,3.365385,12.5,23.557692,9.134615,23.076923,8.653846,NaN,3.365385,NaN,9.615385,5.769231,3.846154,NaN,3.365385,22.596154,4.326923,11.538462,3.365385,5.288462,NaN,3.365385,5.288462,19.711538,6.25,8.173077,NaN,14.903846,6.730769,7.692308,9.134615,NaN,24.038462,NaN,NaN,3.365385,5.288462,NaN,4.807692,12.5,NaN,NaN,NaN,NaN,4.326923,NaN,2.884615,4.807692,3.365385,4.807692,24.038462,6.25,NaN,13.461538,2.884615
2016-05-20,3.365385,3.365385,3.846154,NaN,3.846154,4.326923,3.365385,4.326923,8.653846,12.019231,13.942308,6.25,3.365385,12.5,23.557692,9.134615,23.076923,8.653846,NaN,3.365385,NaN,9.615385,5.769231,3.846154,NaN,3.365385,22.596154,4.326923,11.538462,3.365385,5.288462,NaN,3.365385,5.288462,19.711538,6.25,8.173077,NaN,14.903846,6.730769,7.692308,9.134615,NaN,24.038462,NaN,NaN,3.365385,5.288462,NaN,4.807692,12.5,NaN,NaN,NaN,NaN,4.326923,NaN,2.884615,4.807692,3.365385,4.807692,24.038462,6.25,NaN,13.461538,2.884615
2016-05-23,3.365385,3.365385,3.846154,NaN,3.846154,4.326923,3.365385,4.326923,8.653846,12.019231,13.942308,6.25,3.365385,12.5,23.557692,9.134615,23.076923,8.653846,NaN,3.365385,NaN,9.615385,5.769231,3.846154,NaN,3.365385,22.596154,4.326923,11.538462,3.365385,5.288462,NaN,3.365385,5.288462,19.711538,6.25,8.173077,NaN,14.423077,6.730769,7.692308,9.134615,NaN,24.038462,NaN,NaN,3.365385,5.288462,NaN,4.807692,12.5,NaN,NaN,NaN,NaN,4.326923,NaN,2.884615,4.807692,3.365385,4.807692,24.038462,6.25,NaN,13.461538,2.884615
2016-05-24,3.365385,3.365385,3.846154,NaN,3.846154,4.326923,3.365385,4.326923,8.653846,12.019231,13.942308,6.25,3.365385,12.5,23.557692,9.134615,23.076923,8.653846,NaN,3.365385,NaN,9.615385,5.769231,3.846154,NaN,3.365385,22.596154,4.326923,11.538462,3.365385,5.288462,NaN,3.365385,5.288462,19.711538,6.25,8.173077,NaN,14.423077,6.730769,7.692308,9.134615,NaN,24.038462,NaN,NaN,3.365385,5.288462,NaN,4.807692,12.5,NaN,NaN,NaN,NaN,4.326923,NaN,2.884615,4.807692,3.365385,4.807692,24.038462,6.25,NaN,13.461538,2.884615
2016-05-25,3.365385,3.365385,3.846154,NaN,3.846154,4.326923,3.365385,4.326923,8.653846,12.019231,13.942308,6.25,3.365385,12.5,23.557692,9.134615,23.076923,8.653846,NaN,3.365385,NaN,9.615385,5.769231,3.846154,NaN,3.365385,22.596154,4.326923,11.538462,3.365385,5.288462,NaN,3.365385,5.288462,19.711538,6.25,8.173077,NaN,14.423077,6.730769,7.692308,9.134615,NaN,24.038462,NaN,NaN,3.365385,5.288462,NaN,4.807692,12.5,NaN,NaN,NaN,NaN,4.326923,NaN,2.884615,4.807692,3.365385,4.807692,24.038462,6.25,NaN,13.461538,2.884615
2016-05-26,3.365385,3.365385,3.846154,NaN,3.846154,4.326923,3.365385,4.326923,8.653846,12.019231,13.942308,6.25,3.365385,12.5,23.557692,9.134615,23.076923,8.653846,NaN,3.365385,NaN,9.615385,5.769231,3.846154,NaN,3.365385,22.596154,4.326923,11.538462,3.365385,5.288462,NaN,3.365385,5.288462,20.192308,6.25,8.173077,NaN,14.423077,6.730769,7.692308,9.134615,NaN,24.038462,NaN,NaN,3.365385,5.288462,NaN,4.807692,12.5,NaN,NaN,NaN,NaN,4.326923,NaN,2.884615,4.807692,3.365385,4.807692,24.038462,6.25,NaN,13.461538,2.884615
2016-05-26,3.365385,3.365385,3.846154,NaN,3.846154,4.326923,3.365385,4.326923,8.653846,12.019231,13.942308,6.25,3.365385,12.5,23.557692,9.134615,23.076923,8.653846,NaN,3.365385,NaN,9.615385,5.769231,3.846154,NaN,3.365385,22.596154,4.326923,11.538462,3.365385,5.288462,NaN,3.365385,5.288462,20.192308,6.25,8.173077,NaN,14.423077,6.730769,7.692308,9.134615,NaN,24.038462,NaN,NaN,3.365385,5.288462,NaN,4.807692,12.5,NaN,NaN,NaN,NaN,4.326923,NaN,2.884615,4.807692,3.365385,4.807692,24.038462,6.25,NaN,13.461538,2.884615
2016-05-27,3.365385,3.365385,3.846154,NaN,3.846154,4.326923,3.365385,4.326923,8.653846,12.019231,13.942308,6.25,3.365385,12.5,23.557692,9.134615,23.076923,8.653846,NaN,3.365385,NaN,9.615385,5.769231,3.846154,NaN,3.365385,22.596154,4.326923,11.538462,3.365385,5.288462,NaN,3.365385,5.288462,20.192308,6.25,8.173077,NaN,14.423077,6.730769,7.692308,9.134615,NaN,24.038462,NaN,NaN,3.365385,5.288462,NaN,4.807692,12.5,NaN,NaN,NaN,NaN,4.326923,NaN,2.884615,4.807692,3.365385,4.807692,24.038462,6.25,NaN,13.461538,2.884615
2016-05-31,3.365385,3.365385,3.846154,NaN,3.846154,4.326923,3.365385,4.326923,8.653846,12.019231,13.942308,6.25,3.365385,12.5,23.557692,9.134615,23.076923,8.653846,NaN,3.365385,NaN,9.615385,5.769231,3.846154,NaN,3.365385,22.596154,4.326923,11.538462,3.365385,5.288462,NaN,3.365385,5.288462,20.673077,6.25,8.173077,NaN,14.423077,6.730769,8.173077,9.615385,NaN,24.519231,NaN,NaN,3.365385,5.288462,NaN,4.807692,12.5,NaN,NaN,NaN,NaN,4.326923,NaN,2.884615,4.807692,3.365385,4.807692,24.519231,6.25,NaN,13.461538,2.884615
2016-05-31,3.365385,3.365385,3.846154,NaN,3.846154,4.326923,3.365385,4.326923,8.653846,12.019231,13.942308,6.25,3.365385,12.5,23.557692,9.134615,23.076923,8.653846,NaN,3.365385,NaN,9.615385,5.769231,3.846154,NaN,3.365385,22.596154,4.326923,11.538462,3.365385,5.288462,NaN,3.365385,5.288462,20.673077,6.25,8.173077,NaN,14.423077,6.730769,8.173077,9.615385,NaN,24.519231,NaN,NaN,3.365385,5.288462,NaN,4.807692,12.5,NaN,NaN,NaN,NaN,4.326923,NaN,2.884615,4.807692,3.365385,4.807692,24.519231,6.25,NaN,13.461538,2.884615
2016-06-02,3.365385,3.365385,3.846154,NaN,3.846154,4.326923,3.365385,4.326923,8.653846,12.5,13.942308,6.25,3.365385,12.980769,24.038462,9.134615,23.557692,8.653846,NaN,3.365385,NaN,9.615385,5.769231,3.846154,NaN,3.365385,23.076923,4.326923,12.019231,3.365385,5.288462,NaN,3.365385,5.288462,21.153846,6.25,8.173077,NaN,14.423077,6.730769,8.653846,9.615385,NaN,25.480769,NaN,NaN,3.365385,5.288462,NaN,4.807692,12.5,NaN,NaN,NaN,NaN,4.326923,NaN,2.884615,4.807692,3.365385,4.807692,25.480769,6.25,NaN,13.461538,2.884615
2016-06-03,3.365385,3.365385,3.846154,NaN,3.846154,4.326923,3.365385,4.326923,8.653846,12.5,13.942308,6.25,3.365385,12.980769,24.038462,9.134615,23.557692,8.653846,NaN,3.365385,NaN,9.615385,5.769231,3.846154,NaN,3.365385,23.076923,4.326923,12.019231,3.365385,5.288462,NaN,3.365385,5.288462,21.153846,6.25,8.173077,NaN,14.423077,6.730769,7.211538,9.615385,NaN,24.038462,NaN,NaN,3.365385,5.288462,NaN,4.807692,12.5,NaN,NaN,NaN,NaN,4.326923,NaN,2.884615,4.807692,3.365385,4.807692,24.038462,6.25,NaN,13.461538,2.884615
2016-06-09,3.333333,3.333333,3.809524,NaN,3.809524,4.285714,3.333333,4.285714,8.571429,12.380952,13.809524,6.190476,3.333333,12.857143,23.809524,9.047619,23.333333,8.571429,NaN,3.333333,NaN,9.523810,5.714286,3.809524,NaN,3.333333,22.857143,4.285714,11.904762,3.333333,5.238095,NaN,3.333333,5.238095,21.428571,6.190476,8.095238,NaN,14.285714,6.666667,7.142857,10,NaN,23.809524,NaN,NaN,3.333333,5.238095,NaN,4.761905,12.380952,NaN,NaN,NaN,NaN,4.285714,NaN,2.857143,4.761905,3.333333,4.761905,23.809524,6.190476,NaN,13.333333,2.857143
2016-06-18,3.333333,3.333333,3.809524,NaN,3.809524,4.285714,3.333333,4.285714,8.571429,12.380952,13.809524,6.190476,3.333333,12.857143,23.809524,9.047619,23.333333,8.571429,NaN,3.333333,NaN,9.523810,5.714286,3.809524,NaN,3.333333,22.857143,4.285714,11.904762,3.333333,5.238095,NaN,3.333333,5.238095,21.904762,6.190476,8.095238,NaN,14.761905,6.666667,7.142857,10,NaN,23.809524,NaN,NaN,3.333333,5.238095,NaN,4.761905,12.380952,NaN,NaN,NaN,NaN,4.285714,NaN,2.857143,4.761905,3.333333,5.238095,23.809524,6.190476,NaN,13.333333,2.857143
